id,name
178390983532242238,wXexIpfL
864362730908965398,oPiovnUP
913880723761402713,eQIxRgXd
685765814674624650,IfEFmQaN
741472385160884468,RcVFkAWz
960992139914882349,gegSpVFh
815607275544884532,FcNEOLSN
455287113461423504,cBzqwEoF
759851968275417503,UuTepBZD
264821125867816755,iuFCnRSi
312279773840991525,rBaUWJeR
130559336637912140,mcvssWFi
377254085020792497,yzLkjsEm
729657327853233814,yiAHyUJN
456813919238604480,XpFcpzQN
921218528692739676,hWTZuFMN
924272150264018867,njhQbLLX
586462749808145445,kHpQvSUr
311724464259205262,zfJdEtFu
921635175611776176,VzRLiitw
431154474414384250,njexUTXs
625440914921735982,ZxwBmHBJ
507088488294400557,FWDhtJln
245319932468504439,cdVpbKla
487521547162556408,HQwrferH
757888923276878728,XVEPrLml
841396458042716413,Nkpfmqfq
690511891748888193,letquqAr
520896932285718993,BWYJpXUk
650563571735075618,oQmGbbtM
794866371124314093,BzgLjAAN
949744917034993602,DMPkeMmc
346829258294491009,QlKlFcdd
206353384506238632,udAMegXA
644988305272023531,yMVDtibZ
662573946149536479,jhUYcBOF
890167858681553382,QSnZNinz
954388602946720342,dLAbiwYj
508352461993046277,AgEJnuEr
755598177698571055,mkwcgEqq
766440182812117645,WHAHJOxw
796768896457816807,itICFMvt
290372991375481790,WJsCfTYm
764569237644096036,FBmzlbTE
157034847506258895,OHyeAZfQ
802042071024058697,FwBJFtBA
750399380624755780,eYwYFguI
978330114795651926,CdaEIyfP
716546026078602391,NosXMiya
374752621895221186,sFDrOVEo
204409266936837011,NYJIFCPN
800576009509173606,gMnuRsSY
613716351759981252,jDjfCkAW
116597425831365203,OUzhMxdg
254026751715999266,EWfpsAkR
149807489571610323,pNEZCpuR
683308974441165721,kQybYGJx
807557685413353246,OLIJeWni
194112458720287265,mzMSZwMI
167931882145096932,kyHaOmwS
520332334189788974,KNBPKUSH
532462736599641768,AMJIFNJV
200020722079102477,lVJwXCbp
971912028790381946,rbnayoxs
240473429545001119,UBsMyOfh
581887883229019214,gFhNYKiB
876602783262715623,qmZUPvoY
826891221280050714,JWEIdPMj
988503004909970897,YQkvoicL
941548968490327594,DDdmtupM
869484945664679219,QrPEeyRM
552643957745582128,RuiuuLRm
824990670711500382,JpzbydlY
446588934383968165,UOABuTME
717319828414446033,RSzaHxym
374245060317805226,vtwfMjut
177842185303094100,VTcILghJ
732608320061095523,OvNESexz
332020956021095194,SClOIrFd
601468892440145824,LcqKytql
858392743922514215,LjwwVRtf
344802175427590184,CDwrZvHJ
768735720279287054,JNxNgTAH
839781861316793605,JWFmFsmA
258221167704906407,yoJQSBxU
387164087986681525,TexPpWyR
216141913799480654,UCrmTJfg
390740510683238288,cuoWxfTl
869687818969197556,IChuaEyN
665717339418767953,aeuHfSUB
419323747512150504,dkyCBCGx
146094910299841116,NebuqKpC
631705782296857045,PSXDZShK
247999929721598645,NpONSibE
795875671119515098,kELzoNgC
236694604780315348,zyzfUjvk
171945740025639614,xopxXVDJ
362710291845030281,AztlRczZ
504450714622822196,OAQTijmI
